airline,date_of_journey,source,destination,dep_time,arrival_time,duration,total_stops,additional_info,price
Jet Airways,2019-05-12,Kolkata,Banglore,14:05:00,22:35:00,510,1.0,No Info,14781
Spicejet,2019-06-12,Kolkata,Banglore,06:55:00,09:30:00,155,0.0,No check-in baggage included,3841
Air India,2019-05-06,Banglore,Delhi,21:05:00,23:55:00,170,0.0,No Info,5228
Vistara,2019-03-09,Banglore,New Delhi,16:10:00,18:50:00,160,0.0,No Info,7923
Indigo,2019-03-27,Delhi,Cochin,07:45:00,13:40:00,355,1.0,No Info,4832
Indigo,2019-06-27,Delhi,Cochin,05:35:00,08:50:00,195,0.0,No Info,5000
Air Asia,2019-03-18,Kolkata,Banglore,10:20:00,12:55:00,155,0.0,No Info,4384
Jet Airways,2019-06-09,Mumbai,Hyderabad,07:05:00,08:30:00,85,0.0,No Info,5678
Air India,2019-03-06,Mumbai,Hyderabad,21:05:00,22:25:00,80,0.0,No Info,5462
Indigo,2019-04-27,Delhi,Cochin,21:50:00,03:35:00,345,1.0,No Info,6307
Jet Airways,2019-06-12,Delhi,Cochin,20:55:00,19:00:00,1325,1.0,In-flight meal not included,10262
Multiple Carriers,2019-05-15,Delhi,Cochin,10:35:00,19:00:00,505,1.0,No Info,9103
Vistara,2019-03-12,Mumbai,Hyderabad,07:30:00,19:55:00,745,1.0,No Info,12080
Air India,2019-06-21,Banglore,Delhi,21:05:00,23:55:00,170,0.0,No Info,5228
Air India,2019-06-24,Delhi,Cochin,13:30:00,23:00:00,570,1.0,No Info,8907
Spicejet,2019-03-18,Mumbai,Hyderabad,05:45:00,07:05:00,80,0.0,No Info,2437
Air India,2019-04-01,Kolkata,Banglore,10:00:00,10:30:00,1470,3.0,No Info,12954
Jet Airways,2019-05-27,Delhi,Cochin,05:30:00,19:00:00,810,2.0,In-flight meal not included,13029
Air India,2019-06-06,Delhi,Cochin,17:15:00,19:15:00,1560,2.0,No Info,12777
Indigo,2019-06-01,Delhi,Cochin,05:10:00,10:05:00,295,1.0,No Info,6842
Indigo,2019-03-01,Banglore,New Delhi,10:05:00,13:00:00,175,0.0,No Info,10067
Jet Airways,2019-03-24,Kolkata,Banglore,21:10:00,16:20:00,1150,1.0,No Info,13759
Jet Airways,2019-03-24,Kolkata,Banglore,18:55:00,18:10:00,1395,1.0,No Info,14231
Indigo,2019-06-21,Delhi,Cochin,05:35:00,08:50:00,195,0.0,No Info,5000
Vistara,2019-03-24,Kolkata,Banglore,20:20:00,09:10:00,770,1.0,No Info,12312
Vistara,2019-06-06,Kolkata,Banglore,17:00:00,23:25:00,385,1.0,No Info,8610
Jet Airways,2019-03-18,Banglore,New Delhi,07:00:00,16:10:00,550,1.0,No Info,12284
Jet Airways,2019-06-12,Delhi,Cochin,02:15:00,12:35:00,620,1.0,In-flight meal not included,10262
Indigo,2019-03-27,Chennai,Kolkata,13:20:00,15:35:00,135,0.0,No Info,3384
Jet Airways,2019-05-27,Banglore,Delhi,15:15:00,18:10:00,175,0.0,In-flight meal not included,3502
Indigo,2019-04-24,Banglore,Delhi,13:00:00,15:50:00,170,0.0,No Info,4423
Vistara,2019-05-09,Kolkata,Banglore,17:00:00,09:05:00,965,1.0,No Info,9187
Indigo,2019-06-18,Banglore,Delhi,18:25:00,21:20:00,175,0.0,No Info,4823
Air Asia,2019-04-03,Kolkata,Banglore,10:20:00,12:55:00,155,0.0,No Info,4107
Multiple Carriers,2019-06-24,Delhi,Cochin,13:00:00,21:00:00,480,1.0,No Info,7408
Indigo,2019-03-27,Mumbai,Hyderabad,19:05:00,20:30:00,85,0.0,No Info,2754
Indigo,2019-05-18,Kolkata,Banglore,18:05:00,23:30:00,325,1.0,No Info,6704
Jet Airways,2019-04-09,Delhi,Cochin,22:50:00,04:25:00,335,1.0,No Info,12242
Jet Airways,2019-05-18,Delhi,Cochin,13:25:00,12:35:00,1390,2.0,No Info,16704
Indigo,2019-03-12,Chennai,Kolkata,22:05:00,00:30:00,145,0.0,No Info,6297
Jet Airways,2019-06-06,Delhi,Cochin,20:55:00,04:25:00,450,1.0,In-flight meal not included,10262
Air India,2019-05-18,Delhi,Cochin,16:40:00,19:15:00,1595,2.0,No Info,9863
Indigo,2019-05-06,Banglore,Delhi,23:30:00,02:20:00,170,0.0,No Info,4077
Jet Airways,2019-06-09,Delhi,Cochin,18:15:00,19:00:00,1485,1.0,In-flight meal not included,10577
Jet Airways,2019-05-18,Mumbai,Hyderabad,07:05:00,08:30:00,85,0.0,No Info,5678
Indigo,2019-05-27,Delhi,Cochin,07:35:00,12:10:00,275,1.0,No Info,5054
Jet Airways,2019-06-12,Delhi,Cochin,14:35:00,12:35:00,1320,2.0,No Info,13376
Jet Airways,2019-03-21,Delhi,Cochin,18:25:00,18:50:00,1465,2.0,No Info,12347
Air India,2019-05-18,Delhi,Cochin,17:15:00,07:40:00,865,2.0,No Info,12199
Jet Airways,2019-04-27,Banglore,Delhi,11:10:00,14:05:00,175,0.0,No Info,7229
Multiple Carriers,2019-03-06,Delhi,Cochin,11:30:00,18:50:00,440,1.0,No Info,15135
Multiple Carriers,2019-06-27,Delhi,Cochin,19:00:00,01:30:00,390,1.0,No Info,6795
Jet Airways,2019-06-03,Delhi,Cochin,15:00:00,19:00:00,1680,1.0,No Info,14714
Jet Airways,2019-06-21,Banglore,Delhi,18:55:00,22:00:00,185,0.0,No Info,8541
Jet Airways,2019-03-12,Banglore,New Delhi,20:35:00,23:00:00,1585,1.0,In-flight meal not included,11087
Jet Airways,2019-05-21,Delhi,Cochin,21:50:00,12:35:00,885,1.0,In-flight meal not included,12898
Jet Airways,2019-05-01,Banglore,Delhi,08:20:00,11:20:00,180,0.0,In-flight meal not included,5198
Jet Airways,2019-05-01,Kolkata,Banglore,06:30:00,18:15:00,705,1.0,No Info,14781
Vistara,2019-03-24,Banglore,New Delhi,19:40:00,22:20:00,160,0.0,No Info,4563
Multiple Carriers,2019-06-06,Delhi,Cochin,07:05:00,22:30:00,925,1.0,No Info,9646
Multiple Carriers,2019-03-21,Delhi,Cochin,10:20:00,21:00:00,640,1.0,No Info,7215
Spicejet,2019-05-15,Banglore,Delhi,05:55:00,08:35:00,160,0.0,No Info,3311
Jet Airways,2019-05-18,Kolkata,Banglore,18:55:00,08:15:00,800,1.0,No Info,13584
Jet Airways,2019-03-06,Delhi,Cochin,23:05:00,19:45:00,1240,1.0,No Info,17024
Jet Airways,2019-03-18,Banglore,New Delhi,22:50:00,09:00:00,610,1.0,In-flight meal not included,11087
Jet Airways,2019-03-01,Banglore,New Delhi,07:00:00,12:25:00,325,1.0,No Info,26890
Indigo,2019-06-27,Banglore,Delhi,06:05:00,08:50:00,165,0.0,No Info,3943
Indigo,2019-05-27,Banglore,Delhi,07:10:00,10:05:00,175,0.0,No Info,4823
Jet Airways,2019-05-12,Banglore,Delhi,15:15:00,18:10:00,175,0.0,In-flight meal not included,4544
Indigo,2019-06-27,Mumbai,Hyderabad,20:05:00,21:40:00,95,0.0,No Info,2227
Indigo,2019-03-03,Delhi,Cochin,09:55:00,15:10:00,315,1.0,No Info,12214
Multiple Carriers,2019-06-27,Delhi,Cochin,17:50:00,01:30:00,460,2.0,No Info,18275
Jet Airways,2019-05-27,Delhi,Cochin,05:30:00,19:00:00,810,2.0,No Info,15129
Jet Airways,2019-05-24,Kolkata,Banglore,09:35:00,09:45:00,1450,1.0,No Info,13067
Air Asia,2019-03-03,Kolkata,Banglore,19:35:00,22:05:00,150,0.0,No Info,5964
Air India,2019-04-21,Banglore,Delhi,13:20:00,16:10:00,170,0.0,No Info,6121
Jet Airways,2019-03-09,Banglore,New Delhi,05:45:00,11:25:00,340,1.0,In-flight meal not included,11087
Jet Airways,2019-06-15,Delhi,Cochin,14:35:00,04:25:00,830,2.0,No Info,13376
Jet Airways,2019-05-09,Kolkata,Banglore,17:00:00,21:05:00,1685,1.0,No Info,13067
Indigo,2019-06-03,Chennai,Kolkata,07:55:00,10:15:00,140,0.0,No Info,3850
Vistara,2019-04-27,Delhi,Cochin,14:40:00,17:50:00,190,0.0,No Info,6216
Indigo,2019-06-09,Chennai,Kolkata,22:05:00,00:25:00,140,0.0,No Info,5277
Indigo,2019-06-12,Chennai,Kolkata,07:55:00,10:15:00,140,0.0,No Info,3850
Vistara,2019-03-06,Delhi,Cochin,06:00:00,09:10:00,190,0.0,No Info,12411
Vistara,2019-04-12,Banglore,Delhi,21:00:00,23:50:00,170,0.0,No Info,5613
Air India,2019-03-06,Delhi,Cochin,14:10:00,17:10:00,180,0.0,No Info,7931
Air India,2019-06-15,Delhi,Cochin,07:05:00,09:25:00,1580,2.0,No Info,10975
Multiple Carriers,2019-03-06,Delhi,Cochin,07:05:00,13:20:00,375,1.0,No Info,17267
Jet Airways,2019-03-24,Mumbai,Hyderabad,02:55:00,04:25:00,90,0.0,In-flight meal not included,2071
Indigo,2019-04-18,Kolkata,Banglore,20:20:00,22:55:00,155,0.0,No Info,4174
Jet Airways,2019-06-27,Delhi,Cochin,05:30:00,19:00:00,810,2.0,No Info,13014
Jet Airways,2019-06-06,Delhi,Cochin,05:30:00,12:35:00,425,2.0,No Info,14441
Air India,2019-06-15,Delhi,Cochin,12:30:00,09:25:00,1255,1.0,No Info,7480
Spicejet,2019-03-12,Chennai,Kolkata,08:20:00,10:35:00,135,0.0,No Info,6300
Indigo,2019-05-18,Chennai,Kolkata,19:35:00,21:55:00,140,0.0,No Info,3597
Indigo,2019-06-01,Delhi,Cochin,18:35:00,01:30:00,415,1.0,No Info,6628
Jet Airways,2019-05-06,Banglore,Delhi,08:20:00,11:20:00,180,0.0,In-flight meal not included,4544
Indigo,2019-05-03,Banglore,Delhi,08:30:00,11:20:00,170,0.0,No Info,4823
Indigo,2019-06-12,Kolkata,Banglore,17:15:00,19:50:00,155,0.0,No Info,4804
Air India,2019-03-01,Banglore,New Delhi,08:50:00,09:25:00,1475,2.0,No Info,25430
Air India,2019-03-03,Banglore,New Delhi,09:30:00,23:45:00,855,1.0,No Info,11654
Vistara,2019-04-18,Banglore,Delhi,09:45:00,12:35:00,170,0.0,No Info,5403
Jet Airways,2019-03-12,Banglore,New Delhi,07:00:00,23:00:00,960,1.0,No Info,13817
Air India,2019-04-24,Banglore,Delhi,17:00:00,19:45:00,165,0.0,No Info,6121
Air India,2019-05-06,Chennai,Kolkata,11:40:00,13:55:00,135,0.0,No Info,4667
Indigo,2019-03-21,Banglore,New Delhi,18:25:00,21:20:00,175,0.0,No Info,6144
Vistara,2019-06-21,Banglore,Delhi,21:00:00,23:50:00,170,0.0,No Info,5613
Goair,2019-05-21,Delhi,Cochin,07:00:00,12:55:00,355,1.0,No Info,6633
Indigo,2019-03-21,Mumbai,Hyderabad,06:20:00,07:45:00,85,0.0,No Info,4049
Indigo,2019-05-15,Mumbai,Hyderabad,20:05:00,21:40:00,95,0.0,No Info,2227
Indigo,2019-03-18,Mumbai,Hyderabad,21:20:00,22:45:00,85,0.0,No Info,2227
Air India,2019-03-09,Delhi,Cochin,16:40:00,19:15:00,1595,2.0,No Info,11911
Jet Airways,2019-06-27,Delhi,Cochin,20:00:00,04:25:00,505,2.0,No Info,16263
Multiple Carriers,2019-05-15,Delhi,Cochin,08:00:00,19:15:00,675,1.0,No Info,14533
Spicejet,2019-05-15,Banglore,Delhi,09:30:00,12:20:00,170,0.0,No check-in baggage included,4319
Jet Airways,2019-03-12,Banglore,New Delhi,20:35:00,16:10:00,1175,1.0,In-flight meal not included,11087
Air India,2019-04-09,Delhi,Cochin,08:00:00,19:15:00,675,1.0,No Info,6377
Jet Airways,2019-05-18,Delhi,Cochin,10:00:00,19:00:00,540,1.0,No Info,15554
Multiple Carriers,2019-06-12,Delhi,Cochin,04:55:00,12:35:00,460,1.0,No Info,10678
Jet Airways,2019-03-21,Mumbai,Hyderabad,19:35:00,21:05:00,90,0.0,No Info,5678
Indigo,2019-03-09,Banglore,New Delhi,20:00:00,22:55:00,175,0.0,No Info,6144
Multiple Carriers,2019-03-03,Delhi,Cochin,07:10:00,22:20:00,910,1.0,In-flight meal not included,11125
Jet Airways,2019-06-24,Mumbai,Hyderabad,08:45:00,10:15:00,90,0.0,No Info,8040
Spicejet,2019-03-24,Kolkata,Banglore,15:55:00,21:15:00,320,1.0,No Info,10654
Air India,2019-03-06,Mumbai,Hyderabad,06:10:00,21:15:00,905,1.0,No Info,16666
Indigo,2019-05-09,Delhi,Cochin,17:30:00,01:30:00,480,1.0,No Info,8330
Multiple Carriers,2019-06-06,Delhi,Cochin,09:00:00,21:00:00,720,1.0,No Info,13587
Jet Airways,2019-03-01,Banglore,New Delhi,16:55:00,23:00:00,365,1.0,No Info,54826
Jet Airways,2019-06-06,Delhi,Cochin,14:00:00,19:00:00,300,1.0,In-flight meal not included,10262
Indigo,2019-03-27,Kolkata,Banglore,10:10:00,12:55:00,165,0.0,No Info,4148
Multiple Carriers,2019-05-15,Delhi,Cochin,11:25:00,19:15:00,470,1.0,No Info,7575
Indigo,2019-04-03,Kolkata,Banglore,19:20:00,23:45:00,265,1.0,No Info,3480
Jet Airways,2019-05-09,Delhi,Cochin,09:40:00,04:25:00,1125,2.0,No Info,15129
Jet Airways,2019-06-06,Delhi,Cochin,18:25:00,04:25:00,600,2.0,No Info,14237
Air India,2019-06-01,Delhi,Cochin,22:00:00,19:15:00,1275,2.0,No Info,10861
Multiple Carriers,2019-05-15,Delhi,Cochin,07:00:00,21:00:00,840,1.0,No Info,8073
Jet Airways,2019-03-15,Banglore,New Delhi,07:00:00,15:15:00,495,1.0,In-flight meal not included,9134
Jet Airways,2019-05-18,Kolkata,Banglore,20:00:00,09:20:00,800,1.0,In-flight meal not included,10844
Indigo,2019-05-03,Banglore,Delhi,18:25:00,21:20:00,175,0.0,No Info,4823
Jet Airways,2019-04-01,Kolkata,Banglore,21:10:00,10:05:00,775,1.0,No Info,13784
Spicejet,2019-03-09,Mumbai,Hyderabad,05:45:00,07:05:00,80,0.0,No Info,4391
Jet Airways,2019-05-27,Delhi,Cochin,23:05:00,19:00:00,1195,2.0,No Info,15129
Indigo,2019-05-27,Delhi,Cochin,17:05:00,22:15:00,310,1.0,No Info,6373
Air India,2019-06-27,Delhi,Cochin,05:15:00,19:15:00,2280,3.0,No Info,10703
Jet Airways,2019-05-15,Kolkata,Banglore,18:55:00,09:20:00,865,1.0,In-flight meal not included,9663
Multiple Carriers,2019-03-21,Delhi,Cochin,11:40:00,18:50:00,430,1.0,No Info,11999
Indigo,2019-04-21,Banglore,Delhi,23:30:00,02:20:00,170,0.0,No Info,4591
Jet Airways,2019-03-21,Banglore,New Delhi,20:35:00,10:25:00,830,1.0,In-flight meal not included,7832
Jet Airways,2019-03-27,Delhi,Cochin,05:25:00,19:45:00,2300,2.0,No Info,11664
Indigo,2019-05-09,Chennai,Kolkata,22:05:00,00:25:00,140,0.0,No Info,5277
Air India,2019-05-01,Kolkata,Banglore,09:25:00,18:20:00,535,2.0,No Info,8366
Air India,2019-06-03,Delhi,Cochin,20:15:00,19:15:00,1380,2.0,No Info,13381
Multiple Carriers,2019-03-27,Delhi,Cochin,13:00:00,01:35:00,755,1.0,No Info,6673
Jet Airways,2019-03-21,Banglore,New Delhi,05:45:00,23:00:00,1035,1.0,In-flight meal not included,7832
Multiple Carriers,2019-06-12,Delhi,Cochin,07:30:00,19:15:00,705,1.0,No Info,7354
Jet Airways,2019-03-24,Kolkata,Banglore,16:55:00,16:20:00,1405,1.0,In-flight meal not included,11134
Air Asia,2019-06-27,Banglore,Delhi,23:55:00,02:45:00,170,0.0,No Info,3383
Indigo,2019-06-09,Delhi,Cochin,06:50:00,22:30:00,940,1.0,No Info,6442
Jet Airways,2019-05-09,Delhi,Cochin,20:55:00,04:25:00,450,1.0,In-flight meal not included,12373
Indigo,2019-04-03,Kolkata,Banglore,15:15:00,17:45:00,150,0.0,No Info,4174
Air Asia,2019-05-03,Kolkata,Banglore,10:20:00,12:55:00,155,0.0,No Info,4409
Air Asia,2019-04-27,Delhi,Cochin,07:55:00,22:25:00,870,1.0,No Info,6451
Air India,2019-03-01,Banglore,New Delhi,08:50:00,11:10:00,1580,2.0,No Info,19372
Multiple Carriers,2019-03-03,Delhi,Cochin,11:35:00,21:00:00,565,3.0,No Info,21829
Indigo,2019-06-15,Banglore,Delhi,10:10:00,13:00:00,170,0.0,No Info,3943
Jet Airways,2019-05-21,Banglore,Delhi,17:45:00,20:45:00,180,0.0,In-flight meal not included,4030
Indigo,2019-04-24,Kolkata,Banglore,19:35:00,00:10:00,275,1.0,No Info,4860
Multiple Carriers,2019-06-09,Delhi,Cochin,09:00:00,21:00:00,720,1.0,No Info,13587
Vistara,2019-05-01,Kolkata,Banglore,20:20:00,20:20:00,1440,1.0,No Info,8610
Jet Airways,2019-06-03,Delhi,Cochin,13:00:00,19:00:00,360,1.0,In-flight meal not included,10262
Jet Airways,2019-03-06,Banglore,New Delhi,05:45:00,18:25:00,760,1.0,No Info,16736
Air India,2019-05-27,Banglore,Delhi,17:00:00,19:45:00,165,0.0,No Info,6961
Air India,2019-03-03,Banglore,New Delhi,06:45:00,11:10:00,1705,2.0,No Info,12599
Indigo,2019-05-27,Delhi,Cochin,05:05:00,16:10:00,665,1.0,No Info,6600
Multiple Carriers,2019-05-18,Delhi,Cochin,11:40:00,19:15:00,455,1.0,No Info,9211
Multiple Carriers,2019-06-06,Delhi,Cochin,10:20:00,19:15:00,535,1.0,No Info,8266
Jet Airways,2019-06-06,Delhi,Cochin,15:00:00,04:25:00,805,1.0,In-flight meal not included,10262
Jet Airways,2019-03-12,Banglore,New Delhi,05:45:00,21:20:00,935,1.0,No Info,13817
Multiple Carriers,2019-06-06,Delhi,Cochin,07:30:00,19:00:00,690,1.0,No Info,12524
Spicejet,2019-06-12,Kolkata,Banglore,15:05:00,20:20:00,315,1.0,No Info,4649
Jet Airways,2019-06-01,Mumbai,Hyderabad,10:20:00,11:50:00,90,0.0,In-flight meal not included,4050
Air India,2019-05-18,Delhi,Cochin,22:00:00,19:15:00,1275,2.0,No Info,10441
Air India,2019-05-21,Delhi,Cochin,19:45:00,19:15:00,1410,2.0,No Info,9443
Indigo,2019-03-27,Delhi,Cochin,20:30:00,01:35:00,305,1.0,No Info,5073
Jet Airways,2019-03-06,Banglore,New Delhi,14:05:00,00:45:00,640,1.0,No Info,14815
Jet Airways,2019-03-06,Banglore,New Delhi,05:45:00,05:05:00,1400,1.0,No Info,13555
Air India,2019-05-12,Kolkata,Banglore,10:00:00,23:15:00,795,1.0,No Info,10203
Jet Airways,2019-03-06,Delhi,Cochin,22:20:00,04:25:00,365,1.0,No Info,15764
Indigo,2019-05-03,Banglore,Delhi,21:15:00,00:15:00,180,0.0,No Info,3943
Jet Airways,2019-06-27,Delhi,Cochin,20:55:00,04:25:00,450,1.0,In-flight meal not included,12898
Jet Airways,2019-06-27,Delhi,Cochin,21:50:00,04:25:00,395,1.0,In-flight meal not included,12898
Spicejet,2019-05-18,Banglore,Delhi,05:55:00,08:35:00,160,0.0,No check-in baggage included,3573
Jet Airways,2019-06-03,Delhi,Cochin,09:40:00,19:00:00,560,2.0,No Info,13014
Indigo,2019-05-12,Mumbai,Hyderabad,19:05:00,20:35:00,90,0.0,No Info,2754
Jet Airways,2019-06-01,Delhi,Cochin,07:05:00,12:35:00,330,1.0,No Info,16079
Jet Airways,2019-05-06,Kolkata,Banglore,14:05:00,12:00:00,1315,1.0,In-flight meal not included,9663
Multiple Carriers,2019-05-21,Delhi,Cochin,14:00:00,21:00:00,420,1.0,No Info,14067
Jet Airways,2019-05-27,Delhi,Cochin,10:00:00,19:00:00,540,1.0,In-flight meal not included,11924
Multiple Carriers,2019-05-27,Delhi,Cochin,17:50:00,01:30:00,460,2.0,No Info,18275
Indigo,2019-05-24,Banglore,Delhi,18:55:00,21:50:00,175,0.0,No Info,4823
Multiple Carriers,2019-06-24,Delhi,Cochin,08:30:00,19:00:00,630,1.0,No Info,10877
Multiple Carriers,2019-06-01,Delhi,Cochin,09:45:00,16:10:00,385,1.0,No Info,9646
Vistara,2019-06-09,Delhi,Cochin,14:40:00,17:50:00,190,0.0,No Info,6216
Indigo,2019-04-27,Banglore,Delhi,13:00:00,15:50:00,170,0.0,No Info,4423
Jet Airways,2019-06-12,Kolkata,Banglore,14:05:00,20:45:00,400,1.0,In-flight meal not included,9899
Indigo,2019-06-03,Delhi,Cochin,17:10:00,01:30:00,500,1.0,No Info,6104
Jet Airways,2019-03-01,Banglore,New Delhi,19:55:00,22:35:00,160,0.0,No Info,18308
Jet Airways,2019-06-12,Delhi,Cochin,11:00:00,14:15:00,195,0.0,In-flight meal not included,7202
Air India,2019-03-06,Mumbai,Hyderabad,21:10:00,16:55:00,255,2.0,No Info,17327
Vistara,2019-03-24,Kolkata,Banglore,07:10:00,22:55:00,945,1.0,No Info,12732
Jet Airways,2019-03-21,Delhi,Cochin,19:10:00,18:50:00,1420,2.0,No Info,10929
Vistara,2019-06-18,Chennai,Kolkata,07:05:00,09:20:00,135,0.0,No Info,3687
Jet Airways,2019-05-24,Banglore,Delhi,06:00:00,08:45:00,165,0.0,No Info,7229
Air India,2019-03-21,Delhi,Cochin,20:40:00,09:25:00,765,1.0,No Info,5642
Indigo,2019-04-24,Delhi,Cochin,06:50:00,12:10:00,320,1.0,No Info,5298
Indigo,2019-03-09,Chennai,Kolkata,11:35:00,14:00:00,145,0.0,No Info,6297
Jet Airways,2019-03-27,Delhi,Cochin,15:05:00,04:25:00,800,1.0,In-flight meal not included,6017
Air India,2019-04-09,Delhi,Cochin,12:55:00,19:15:00,1820,2.0,No Info,9968
Air India,2019-06-01,Mumbai,Hyderabad,19:30:00,20:45:00,75,0.0,No Info,3100
Air India,2019-05-15,Delhi,Cochin,09:00:00,19:15:00,615,1.0,No Info,8372
Jet Airways,2019-06-03,Delhi,Cochin,14:00:00,12:35:00,1355,1.0,In-flight meal not included,10262
Indigo,2019-03-18,Chennai,Kolkata,07:55:00,10:15:00,140,0.0,No Info,3850
Jet Airways,2019-05-24,Kolkata,Banglore,20:25:00,09:45:00,800,1.0,No Info,13067
Indigo,2019-06-12,Delhi,Cochin,08:35:00,16:10:00,455,1.0,No Info,6442
Indigo,2019-06-18,Kolkata,Banglore,14:25:00,16:55:00,150,0.0,No Info,4804
Multiple Carriers,2019-06-27,Delhi,Cochin,19:00:00,01:30:00,390,1.0,No Info,7198
Indigo,2019-06-03,Banglore,Delhi,21:15:00,00:15:00,180,0.0,No Info,3943
Multiple Carriers,2019-03-03,Delhi,Cochin,08:55:00,21:00:00,725,1.0,No Info,15147
Spicejet,2019-05-24,Kolkata,Banglore,22:20:00,00:40:00,140,0.0,No Info,3873
Air India,2019-06-12,Kolkata,Banglore,12:00:00,07:55:00,1195,2.0,No Info,9416
Jet Airways,2019-06-12,Delhi,Cochin,06:45:00,04:25:00,1300,2.0,No Info,13376
Indigo,2019-05-27,Delhi,Cochin,11:25:00,01:30:00,845,1.0,No Info,6104
Jet Airways,2019-04-06,Banglore,Delhi,18:55:00,22:00:00,185,0.0,In-flight meal not included,4544
Spicejet,2019-06-01,Chennai,Kolkata,09:45:00,12:00:00,135,0.0,No check-in baggage included,3543
Multiple Carriers,2019-03-27,Delhi,Cochin,13:00:00,01:35:00,755,1.0,No Info,12327
Air India,2019-04-09,Banglore,Delhi,21:05:00,23:55:00,170,0.0,No Info,4441
Air India,2019-05-06,Banglore,Delhi,10:00:00,12:45:00,165,0.0,No Info,5228
Jet Airways,2019-05-15,Banglore,Delhi,17:45:00,20:45:00,180,0.0,In-flight meal not included,4030
Jet Airways,2019-06-24,Delhi,Cochin,11:40:00,19:00:00,440,2.0,No Info,18804
Spicejet,2019-04-21,Kolkata,Banglore,17:10:00,19:40:00,150,0.0,No check-in baggage included,4807
Indigo,2019-03-21,Banglore,New Delhi,01:30:00,04:15:00,165,0.0,No Info,4777
Multiple Carriers,2019-06-27,Delhi,Cochin,15:15:00,01:30:00,615,1.0,In-flight meal not included,5797
Multiple Carriers,2019-06-12,Delhi,Cochin,09:45:00,16:10:00,385,1.0,No Info,9646
Air India,2019-06-09,Banglore,Delhi,10:00:00,12:45:00,165,0.0,No Info,6961
Air India,2019-06-09,Chennai,Kolkata,11:40:00,13:55:00,135,0.0,No Info,4667
Jet Airways,2019-04-27,Banglore,Delhi,06:00:00,08:45:00,165,0.0,In-flight meal not included,4544
Jet Airways,2019-06-12,Delhi,Cochin,08:00:00,19:00:00,660,1.0,In-flight meal not included,10577
Jet Airways,2019-06-06,Kolkata,Banglore,08:25:00,18:15:00,590,1.0,No Info,14571
Air India,2019-03-06,Mumbai,Hyderabad,20:15:00,09:15:00,780,1.0,No Info,9535
Jet Airways,2019-05-06,Kolkata,Banglore,20:00:00,04:40:00,520,1.0,No Info,14388
Air India,2019-03-21,Delhi,Cochin,14:10:00,17:10:00,180,0.0,No Info,5674
Jet Airways,2019-03-24,Kolkata,Banglore,19:45:00,18:10:00,1345,1.0,No Info,13759
Indigo,2019-06-27,Delhi,Cochin,10:35:00,21:00:00,625,1.0,No Info,5894
Jet Airways,2019-05-01,Kolkata,Banglore,14:05:00,22:35:00,510,1.0,No Info,14781
Multiple Carriers,2019-06-03,Delhi,Cochin,07:30:00,19:15:00,705,1.0,No Info,7354
Jet Airways,2019-06-03,Delhi,Cochin,19:45:00,12:35:00,1010,1.0,In-flight meal not included,10262
Spicejet,2019-03-15,Banglore,New Delhi,05:45:00,08:35:00,170,0.0,No Info,5575
Indigo,2019-06-03,Delhi,Cochin,08:30:00,21:00:00,750,1.0,No Info,6416
Indigo,2019-03-03,Banglore,New Delhi,10:05:00,13:00:00,175,0.0,No Info,7648
Multiple Carriers,2019-06-24,Delhi,Cochin,19:00:00,01:30:00,390,1.0,No Info,6795
Multiple Carriers,2019-06-03,Delhi,Cochin,10:00:00,19:00:00,540,1.0,No Info,14502
Multiple Carriers,2019-03-06,Delhi,Cochin,07:30:00,19:15:00,705,1.0,No Info,15353
Jet Airways,2019-05-24,Kolkata,Banglore,20:00:00,18:15:00,1335,1.0,In-flight meal not included,10844
Indigo,2019-06-18,Banglore,Delhi,16:55:00,19:55:00,180,0.0,No Info,4823
Indigo,2019-05-18,Kolkata,Banglore,09:20:00,14:15:00,295,1.0,No Info,12198
Indigo,2019-06-12,Kolkata,Banglore,15:30:00,18:05:00,155,0.0,No Info,4804
Jet Airways,2019-04-01,Kolkata,Banglore,20:25:00,09:45:00,800,1.0,No Info,14151
Jet Airways,2019-05-12,Kolkata,Banglore,20:00:00,08:15:00,735,1.0,No Info,13941
Indigo,2019-05-01,Kolkata,Banglore,19:20:00,23:45:00,265,1.0,No Info,3809
Multiple Carriers,2019-06-15,Delhi,Cochin,08:45:00,19:15:00,630,1.0,No Info,9526
Air India,2019-03-03,Banglore,New Delhi,08:50:00,10:35:00,1545,2.0,No Info,12358
Jet Airways,2019-05-18,Banglore,Delhi,15:15:00,18:10:00,175,0.0,In-flight meal not included,4544
Air Asia,2019-03-24,Kolkata,Banglore,19:55:00,23:30:00,215,1.0,No Info,5554
Indigo,2019-04-03,Kolkata,Banglore,11:30:00,14:05:00,155,0.0,No Info,4174
Air India,2019-03-03,Banglore,New Delhi,09:30:00,16:20:00,410,1.0,No Info,11654
Jet Airways,2019-05-12,Kolkata,Banglore,21:10:00,08:15:00,665,1.0,In-flight meal not included,8586
Jet Airways,2019-05-06,Kolkata,Banglore,09:35:00,19:10:00,575,1.0,No Info,13067
Jet Airways,2019-05-24,Kolkata,Banglore,20:00:00,04:40:00,520,1.0,In-flight meal not included,8586
Spicejet,2019-05-18,Kolkata,Banglore,22:20:00,00:40:00,140,0.0,No Info,3873
Indigo,2019-05-27,Delhi,Cochin,07:35:00,16:10:00,515,1.0,No Info,7514
Indigo,2019-06-27,Banglore,Delhi,07:10:00,10:05:00,175,0.0,No Info,4823
Jet Airways,2019-03-12,Banglore,New Delhi,07:00:00,21:20:00,860,1.0,No Info,13817
Jet Airways,2019-06-06,Kolkata,Banglore,16:30:00,23:35:00,425,1.0,No Info,14571
Jet Airways,2019-05-18,Delhi,Cochin,05:30:00,04:25:00,1375,2.0,No Info,15129
Indigo,2019-03-21,Delhi,Cochin,05:05:00,10:05:00,300,1.0,No Info,6893
Jet Airways,2019-05-06,Kolkata,Banglore,18:55:00,10:05:00,910,1.0,No Info,13584
Multiple Carriers,2019-03-27,Delhi,Cochin,10:45:00,19:15:00,510,1.0,No Info,7154
Indigo,2019-03-01,Banglore,New Delhi,21:20:00,00:15:00,175,0.0,No Info,12649
Indigo,2019-05-27,Kolkata,Banglore,11:30:00,14:05:00,155,0.0,No Info,5224
Jet Airways,2019-05-09,Kolkata,Banglore,16:30:00,04:40:00,730,1.0,No Info,14781
Indigo,2019-04-03,Delhi,Cochin,10:35:00,15:35:00,300,1.0,No Info,5073
Spicejet,2019-06-09,Banglore,Delhi,21:10:00,00:05:00,175,0.0,No check-in baggage included,3919
Vistara,2019-03-24,Banglore,New Delhi,16:00:00,18:35:00,155,0.0,No Info,11913
Multiple Carriers,2019-06-24,Delhi,Cochin,19:00:00,01:30:00,390,1.0,No Info,7198
Jet Airways,2019-06-03,Delhi,Cochin,11:00:00,14:15:00,195,0.0,In-flight meal not included,7202
Air India,2019-04-21,Delhi,Cochin,05:10:00,08:00:00,170,0.0,No Info,6094
Jet Airways,2019-03-21,Banglore,New Delhi,21:25:00,11:25:00,840,1.0,In-flight meal not included,7832
Jet Airways,2019-03-06,Delhi,Cochin,15:05:00,04:25:00,800,1.0,No Info,15764
Multiple Carriers,2019-06-01,Delhi,Cochin,09:00:00,19:00:00,600,1.0,No Info,12717
Jet Airways,2019-06-01,Banglore,Delhi,07:10:00,10:10:00,180,0.0,No Info,8016
Jet Airways,2019-06-03,Banglore,Delhi,17:45:00,20:45:00,180,0.0,No Info,8016
Jet Airways,2019-05-03,Banglore,Delhi,07:10:00,10:10:00,180,0.0,No Info,7229
Jet Airways,2019-05-21,Kolkata,Banglore,14:05:00,20:45:00,400,1.0,In-flight meal not included,10844
Indigo,2019-05-09,Delhi,Cochin,09:15:00,01:30:00,975,1.0,No Info,8854
Air India,2019-03-01,Kolkata,Banglore,14:15:00,16:45:00,150,0.0,No Info,6535
Vistara,2019-03-24,Banglore,New Delhi,11:30:00,14:10:00,160,0.0,No Info,5403
Jet Airways,2019-06-09,Delhi,Cochin,21:50:00,04:25:00,395,1.0,In-flight meal not included,10262
Jet Airways,2019-05-12,Kolkata,Banglore,08:25:00,09:20:00,1495,1.0,In-flight meal not included,9663
Jet Airways,2019-05-12,Mumbai,Hyderabad,10:20:00,11:50:00,90,0.0,No Info,5678
Indigo,2019-05-15,Kolkata,Banglore,06:20:00,10:20:00,240,1.0,No Info,4226
Air India,2019-05-21,Banglore,Delhi,05:45:00,08:45:00,180,0.0,No Info,6961
Jet Airways,2019-05-18,Delhi,Cochin,11:40:00,19:00:00,440,2.0,In-flight meal not included,19644
Air Asia,2019-06-24,Banglore,Delhi,04:55:00,07:45:00,170,0.0,No Info,4282
Indigo,2019-06-06,Delhi,Cochin,23:30:00,04:35:00,305,1.0,No Info,10112
Air India,2019-06-06,Kolkata,Banglore,08:20:00,21:50:00,810,2.0,No Info,10697
Indigo,2019-04-01,Delhi,Cochin,20:25:00,01:30:00,305,1.0,No Info,5073
Jet Airways,2019-03-27,Delhi,Cochin,08:00:00,18:50:00,650,1.0,No Info,12242
Jet Airways,2019-06-09,Delhi,Cochin,10:00:00,04:25:00,1105,1.0,In-flight meal not included,10262
Indigo,2019-05-18,Delhi,Cochin,05:05:00,16:10:00,665,1.0,No Info,6818
Jet Airways,2019-03-24,Kolkata,Banglore,19:45:00,09:15:00,810,1.0,In-flight meal not included,11134
Jet Airways,2019-05-24,Delhi,Cochin,05:30:00,04:25:00,1375,2.0,No Info,15129
Multiple Carriers,2019-06-27,Delhi,Cochin,15:05:00,01:30:00,625,2.0,No Info,15965
Jet Airways,2019-05-09,Kolkata,Banglore,17:00:00,23:35:00,395,1.0,In-flight meal not included,7341
Spicejet,2019-05-03,Chennai,Kolkata,08:20:00,10:35:00,135,0.0,No Info,3597
Jet Airways,2019-06-12,Kolkata,Banglore,18:55:00,04:40:00,585,1.0,No Info,12576
Air India,2019-05-21,Kolkata,Banglore,12:00:00,21:50:00,590,2.0,No Info,10151
Multiple Carriers,2019-06-24,Delhi,Cochin,09:45:00,16:10:00,385,1.0,No Info,9646
Air India,2019-04-21,Delhi,Cochin,20:30:00,08:15:00,705,1.0,No Info,7258
Indigo,2019-05-06,Mumbai,Hyderabad,12:00:00,13:30:00,90,0.0,No Info,2754
Indigo,2019-04-18,Kolkata,Banglore,11:30:00,14:05:00,155,0.0,No Info,5224
Jet Airways,2019-05-27,Banglore,Delhi,07:10:00,10:10:00,180,0.0,In-flight meal not included,4030
Vistara,2019-04-18,Banglore,Delhi,19:30:00,22:15:00,165,0.0,No Info,5823
Jet Airways,2019-05-09,Kolkata,Banglore,20:00:00,04:40:00,520,1.0,In-flight meal not included,8586
Multiple Carriers,2019-03-21,Delhi,Cochin,08:00:00,15:30:00,450,1.0,No Info,8307
Multiple Carriers,2019-03-06,Delhi,Cochin,13:55:00,01:35:00,700,1.0,In-flight meal not included,15136
Indigo,2019-03-27,Mumbai,Hyderabad,09:10:00,10:40:00,90,0.0,No Info,4392
Vistara,2019-04-27,Banglore,Delhi,21:00:00,23:50:00,170,0.0,No Info,5403
Indigo,2019-06-24,Delhi,Cochin,09:15:00,21:00:00,705,1.0,No Info,6838
Indigo,2019-03-03,Delhi,Cochin,09:10:00,21:00:00,710,1.0,No Info,14871
Vistara,2019-06-01,Chennai,Kolkata,07:05:00,09:20:00,135,0.0,No Info,3687
Multiple Carriers,2019-05-18,Delhi,Cochin,10:00:00,21:00:00,660,1.0,In-flight meal not included,9275
Goair,2019-05-09,Kolkata,Banglore,23:30:00,07:45:00,495,1.0,No Info,6095
Spicejet,2019-06-15,Delhi,Cochin,15:45:00,22:05:00,380,1.0,No Info,5583
Jet Airways,2019-06-01,Delhi,Cochin,07:05:00,19:00:00,715,1.0,In-flight meal not included,15190
Spicejet,2019-04-21,Kolkata,Banglore,09:00:00,11:25:00,145,0.0,No check-in baggage included,4439
Indigo,2019-06-24,Kolkata,Banglore,09:35:00,12:20:00,165,0.0,No Info,4804
Jet Airways,2019-06-24,Delhi,Cochin,05:30:00,19:00:00,810,2.0,No Info,13292
Air India,2019-06-09,Kolkata,Banglore,14:35:00,14:35:00,1440,1.0,No Info,6528
Jet Airways,2019-06-27,Delhi,Cochin,02:15:00,19:00:00,1005,1.0,In-flight meal not included,10262
Spicejet,2019-06-01,Mumbai,Hyderabad,05:45:00,07:15:00,90,0.0,No Info,2753
Indigo,2019-06-18,Banglore,Delhi,05:30:00,08:20:00,170,0.0,No Info,3943
Jet Airways,2019-03-18,Banglore,New Delhi,08:55:00,15:55:00,420,2.0,No Info,16338
Indigo,2019-03-21,Delhi,Cochin,02:35:00,08:30:00,355,1.0,No Info,8470
Air India,2019-03-21,Delhi,Cochin,17:45:00,23:00:00,315,1.0,No Info,5704
Vistara,2019-06-03,Chennai,Kolkata,17:45:00,20:05:00,140,0.0,No Info,11982
Air India,2019-04-21,Banglore,Delhi,06:10:00,08:55:00,165,0.0,No Info,6121
Air India,2019-03-03,Banglore,New Delhi,10:00:00,12:45:00,165,0.0,No Info,8588
Jet Airways,2019-03-24,Banglore,New Delhi,22:50:00,12:15:00,805,1.0,In-flight meal not included,7832
Jet Airways,2019-05-09,Kolkata,Banglore,16:30:00,22:35:00,365,1.0,No Info,14781
Air India,2019-03-06,Mumbai,Hyderabad,13:30:00,16:55:00,205,2.0,No Info,18797
Air India,2019-06-24,Delhi,Cochin,16:55:00,19:15:00,1580,2.0,No Info,13381
Air India,2019-03-27,Delhi,Cochin,05:15:00,06:50:00,1535,1.0,No Info,7165
Spicejet,2019-06-18,Chennai,Kolkata,17:45:00,20:05:00,140,0.0,No check-in baggage included,3543
Jet Airways,2019-06-24,Delhi,Cochin,17:30:00,04:25:00,655,1.0,In-flight meal not included,10262
Multiple Carriers,2019-06-27,Delhi,Cochin,08:00:00,19:00:00,660,1.0,No Info,12192
Jet Airways,2019-03-21,Banglore,New Delhi,08:00:00,23:00:00,900,1.0,In-flight meal not included,7832
Jet Airways,2019-03-21,Delhi,Cochin,10:45:00,04:25:00,1060,2.0,In-flight meal not included,8367
Air India,2019-04-09,Delhi,Cochin,17:15:00,07:40:00,865,2.0,No Info,8052
Air Asia,2019-05-18,Kolkata,Banglore,06:50:00,10:30:00,220,1.0,No Info,6857
Jet Airways,2019-06-24,Mumbai,Hyderabad,19:35:00,21:05:00,90,0.0,In-flight meal not included,3210
Air India,2019-06-12,Kolkata,Banglore,05:50:00,08:55:00,1625,2.0,No Info,12723
Air Asia,2019-06-06,Kolkata,Banglore,07:35:00,23:30:00,955,1.0,No Info,6810
Spicejet,2019-05-15,Chennai,Kolkata,17:45:00,20:05:00,140,0.0,No check-in baggage included,3543
Air India,2019-06-01,Banglore,Delhi,13:20:00,16:10:00,170,0.0,No Info,6961
Multiple Carriers,2019-05-09,Delhi,Cochin,04:55:00,19:15:00,860,1.0,No Info,7575
Jet Airways,2019-06-27,Delhi,Cochin,15:00:00,19:00:00,1680,1.0,In-flight meal not included,10262
Multiple Carriers,2019-03-06,Delhi,Cochin,13:05:00,21:20:00,495,2.0,No Info,10759
Air India,2019-06-12,Delhi,Cochin,13:30:00,08:15:00,1125,1.0,No Info,8991
Jet Airways,2019-06-24,Delhi,Cochin,02:15:00,12:35:00,620,1.0,No Info,18371
Air India,2019-06-03,Delhi,Cochin,13:20:00,07:40:00,1100,2.0,No Info,11911
Air India,2019-05-09,Delhi,Cochin,05:00:00,07:40:00,1600,2.0,No Info,11281
Vistara,2019-04-18,Banglore,Delhi,21:00:00,23:50:00,170,0.0,No Info,5613
Multiple Carriers,2019-06-06,Delhi,Cochin,16:00:00,01:30:00,570,1.0,No Info,13377
Indigo,2019-03-24,Kolkata,Banglore,17:15:00,20:00:00,165,0.0,No Info,6565
Indigo,2019-06-15,Kolkata,Banglore,04:40:00,07:15:00,155,0.0,No Info,4804
Indigo,2019-03-21,Delhi,Cochin,09:10:00,15:30:00,380,1.0,No Info,9709
Jet Airways,2019-03-18,Banglore,New Delhi,16:55:00,23:00:00,365,1.0,No Info,13555
Indigo,2019-06-03,Banglore,Delhi,18:25:00,21:20:00,175,0.0,No Info,4823
Multiple Carriers,2019-03-03,Delhi,Cochin,09:45:00,22:20:00,755,1.0,No Info,13838
Spicejet,2019-04-06,Kolkata,Banglore,22:20:00,00:40:00,140,0.0,No Info,3873
Air India,2019-05-06,Kolkata,Banglore,10:00:00,10:00:00,1440,2.0,No Info,14298
Spicejet,2019-05-06,Chennai,Kolkata,17:45:00,20:05:00,140,0.0,No check-in baggage included,3543
Indigo,2019-05-06,Banglore,Delhi,13:00:00,15:50:00,170,0.0,No Info,3943
Jet Airways,2019-03-06,Banglore,New Delhi,21:25:00,20:20:00,1375,1.0,No Info,17471
Indigo,2019-03-24,Banglore,New Delhi,23:30:00,02:20:00,170,0.0,No Info,6860
Spicejet,2019-06-24,Chennai,Kolkata,09:45:00,12:00:00,135,0.0,No check-in baggage included,3859
Multiple Carriers,2019-06-24,Delhi,Cochin,07:05:00,16:10:00,545,1.0,No Info,9856
Jet Airways,2019-05-06,Kolkata,Banglore,20:00:00,10:05:00,845,1.0,In-flight meal not included,9663
Jet Airways,2019-03-24,Kolkata,Banglore,13:55:00,20:40:00,405,1.0,In-flight meal not included,11134
Jet Airways,2019-05-18,Delhi,Cochin,19:45:00,04:25:00,520,1.0,In-flight meal not included,12373
Air India,2019-03-12,Banglore,New Delhi,17:25:00,10:15:00,1010,2.0,No Info,12778
Indigo,2019-04-06,Banglore,Delhi,08:30:00,11:20:00,170,0.0,No Info,4823
Spicejet,2019-06-06,Banglore,Delhi,21:10:00,00:05:00,175,0.0,No Info,3311
Jet Airways,2019-03-18,Mumbai,Hyderabad,02:55:00,04:25:00,90,0.0,In-flight meal not included,2228
Air Asia,2019-03-09,Banglore,New Delhi,23:25:00,02:10:00,165,0.0,No Info,4482
Jet Airways,2019-06-15,Delhi,Cochin,14:35:00,04:25:00,830,2.0,In-flight meal not included,10919
Jet Airways,2019-03-21,Delhi,Cochin,10:45:00,18:50:00,485,2.0,In-flight meal not included,8367
Jet Airways,2019-04-15,Banglore,Delhi,17:45:00,20:45:00,180,0.0,In-flight meal not included,4544
Indigo,2019-06-01,Delhi,Cochin,06:50:00,22:30:00,940,1.0,No Info,6442
Indigo,2019-04-27,Delhi,Cochin,02:00:00,07:25:00,325,1.0,No Info,5796
Jet Airways,2019-05-18,Kolkata,Banglore,18:55:00,23:35:00,1720,1.0,In-flight meal not included,10844
Indigo,2019-05-18,Kolkata,Banglore,17:15:00,19:50:00,155,0.0,No Info,4804
Jet Airways,2019-06-09,Delhi,Cochin,21:35:00,12:35:00,900,2.0,No Info,13882
Air India,2019-06-12,Delhi,Cochin,13:05:00,09:25:00,1220,2.0,No Info,10975
Jet Airways,2019-05-06,Kolkata,Banglore,10:20:00,17:35:00,435,1.0,In-flight meal not included,7064
Jet Airways,2019-06-01,Delhi,Cochin,18:15:00,04:25:00,610,1.0,In-flight meal not included,10262
Jet Airways,2019-04-01,Kolkata,Banglore,21:10:00,04:40:00,450,1.0,In-flight meal not included,8849
Air India,2019-05-12,Kolkata,Banglore,05:50:00,23:15:00,1045,2.0,No Info,11411
Jet Airways,2019-05-15,Kolkata,Banglore,17:00:00,14:25:00,1285,1.0,No Info,11467
Jet Airways,2019-05-12,Kolkata,Banglore,20:25:00,21:05:00,1480,1.0,No Info,12121
Spicejet,2019-03-01,Kolkata,Banglore,22:20:00,00:40:00,140,0.0,No Info,5515
Indigo,2019-05-06,Chennai,Kolkata,07:55:00,10:15:00,140,0.0,No Info,3850
Jet Airways,2019-05-18,Kolkata,Banglore,05:45:00,04:40:00,1375,1.0,No Info,13941
Jet Airways,2019-05-18,Delhi,Cochin,09:40:00,12:35:00,1615,2.0,In-flight meal not included,13029
Jet Airways,2019-04-01,Kolkata,Banglore,09:35:00,10:55:00,1520,1.0,No Info,11467
Jet Airways,2019-05-06,Kolkata,Banglore,16:30:00,20:45:00,1695,1.0,In-flight meal not included,9663
Jet Airways,2019-06-12,Kolkata,Banglore,20:00:00,08:15:00,735,1.0,In-flight meal not included,8529
Jet Airways,2019-06-06,Kolkata,Banglore,20:00:00,16:20:00,1220,1.0,No Info,14571
Jet Airways,2019-06-01,Banglore,Delhi,15:15:00,18:10:00,175,0.0,In-flight meal not included,7229
Air India,2019-04-01,Kolkata,Banglore,19:00:00,04:40:00,580,1.0,No Info,4227
Air Asia,2019-03-24,Banglore,New Delhi,05:50:00,08:40:00,170,0.0,No Info,3383
Jet Airways,2019-06-09,Delhi,Cochin,09:00:00,12:35:00,1655,1.0,In-flight meal not included,10262
Jet Airways,2019-03-06,Banglore,New Delhi,08:00:00,15:15:00,435,1.0,No Info,19225
Air India,2019-03-06,Delhi,Cochin,16:40:00,19:15:00,1595,2.0,No Info,12646
Goair,2019-06-01,Banglore,Delhi,11:40:00,14:30:00,170,0.0,No Info,3898
Air India,2019-06-09,Kolkata,Banglore,09:50:00,12:30:00,1600,2.0,No Info,14960
Jet Airways,2019-05-12,Kolkata,Banglore,20:00:00,18:15:00,1335,1.0,In-flight meal not included,10844
Indigo,2019-06-27,Delhi,Cochin,18:35:00,01:30:00,415,1.0,No Info,5883
Air Asia,2019-06-24,Kolkata,Banglore,22:50:00,01:20:00,150,0.0,No Info,3807
Indigo,2019-06-18,Kolkata,Banglore,04:40:00,07:15:00,155,0.0,No Info,4804
Jet Airways,2019-06-27,Delhi,Cochin,19:10:00,12:35:00,1045,2.0,No Info,15339
Spicejet,2019-03-21,Kolkata,Banglore,17:15:00,19:45:00,150,0.0,No check-in baggage included,3815
Air India,2019-06-27,Banglore,Delhi,17:00:00,19:45:00,165,0.0,No Info,6961
Jet Airways,2019-05-18,Delhi,Cochin,19:15:00,19:00:00,1425,1.0,No Info,15554
Air India,2019-05-21,Delhi,Cochin,07:05:00,09:25:00,1580,2.0,No Info,10975
Multiple Carriers,2019-05-27,Delhi,Cochin,18:15:00,01:30:00,435,1.0,No Info,13377
Air India,2019-04-15,Delhi,Cochin,05:10:00,08:00:00,170,0.0,No Info,6094
Air India,2019-03-01,Delhi,Cochin,04:00:00,07:40:00,1660,1.0,No Info,28322
Indigo,2019-06-06,Chennai,Kolkata,07:55:00,10:15:00,140,0.0,No Info,3850
Multiple Carriers,2019-05-27,Delhi,Cochin,17:45:00,01:30:00,465,1.0,No Info,6795
Jet Airways,2019-05-18,Delhi,Cochin,20:55:00,04:25:00,450,1.0,No Info,15554
Air Asia,2019-04-18,Kolkata,Banglore,19:55:00,22:25:00,150,0.0,No Info,4409
Multiple Carriers,2019-06-03,Delhi,Cochin,11:30:00,01:30:00,840,1.0,No Info,13377
Multiple Carriers,2019-06-01,Delhi,Cochin,11:40:00,19:00:00,440,1.0,No Info,12524
Air India,2019-04-06,Delhi,Cochin,06:05:00,09:25:00,1640,1.0,No Info,4487
Jet Airways,2019-05-18,Kolkata,Banglore,20:00:00,08:15:00,735,1.0,In-flight meal not included,8586
Jet Airways,2019-05-01,Kolkata,Banglore,18:55:00,10:05:00,910,1.0,No Info,13941
Indigo,2019-03-06,Kolkata,Banglore,15:10:00,17:45:00,155,0.0,No Info,5618
Indigo,2019-06-06,Delhi,Cochin,06:40:00,21:00:00,860,1.0,No Info,6093
Jet Airways,2019-05-15,Kolkata,Banglore,20:00:00,08:15:00,735,1.0,No Info,13941
Jet Airways,2019-05-06,Kolkata,Banglore,20:25:00,09:45:00,800,1.0,In-flight meal not included,8066
Air Asia,2019-03-18,Kolkata,Banglore,19:35:00,22:05:00,150,0.0,No Info,4384
Multiple Carriers,2019-05-15,Delhi,Cochin,15:05:00,01:30:00,625,2.0,No Info,16840
Jet Airways,2019-06-09,Kolkata,Banglore,17:00:00,14:25:00,1285,1.0,No Info,14151
Multiple Carriers,2019-06-12,Delhi,Cochin,08:45:00,19:00:00,615,1.0,No Info,11789
Indigo,2019-03-21,Banglore,New Delhi,00:40:00,03:25:00,165,0.0,No Info,4944
Jet Airways,2019-06-06,Delhi,Cochin,22:50:00,04:25:00,335,1.0,No Info,14714
Jet Airways,2019-03-15,Banglore,New Delhi,16:55:00,00:45:00,470,1.0,No Info,21934
Air Asia,2019-04-21,Banglore,Delhi,23:55:00,02:45:00,170,0.0,No Info,4483
Jet Airways,2019-05-01,Kolkata,Banglore,17:00:00,21:05:00,1685,1.0,No Info,12121
Jet Airways,2019-05-06,Kolkata,Banglore,09:35:00,18:00:00,505,1.0,In-flight meal not included,12384
Indigo,2019-05-09,Mumbai,Hyderabad,02:35:00,04:05:00,90,0.0,No Info,2754
Air Asia,2019-05-03,Kolkata,Banglore,19:55:00,22:25:00,150,0.0,No Info,5989
Jet Airways,2019-03-09,Mumbai,Hyderabad,19:40:00,21:10:00,90,0.0,No Info,5678
Air India,2019-06-06,Delhi,Cochin,08:00:00,19:15:00,675,1.0,No Info,8372
Indigo,2019-05-18,Banglore,Delhi,10:30:00,13:20:00,170,0.0,No Info,3943
Vistara,2019-05-01,Banglore,Delhi,11:30:00,14:20:00,170,0.0,No Info,4668
Jet Airways,2019-05-21,Kolkata,Banglore,20:00:00,22:35:00,1595,1.0,In-flight meal not included,10844
Jet Airways,2019-06-12,Kolkata,Banglore,20:25:00,18:00:00,1295,1.0,No Info,12692
Indigo,2019-03-15,Mumbai,Hyderabad,02:30:00,04:00:00,90,0.0,No Info,3342
Jet Airways,2019-03-27,Delhi,Cochin,16:00:00,04:25:00,745,1.0,No Info,12242
Jet Airways,2019-05-01,Kolkata,Banglore,09:35:00,18:00:00,505,1.0,In-flight meal not included,10703
Indigo,2019-06-24,Delhi,Cochin,05:35:00,08:50:00,195,0.0,No Info,5000
Indigo,2019-06-15,Banglore,Delhi,06:05:00,08:50:00,165,0.0,No Info,4423
Jet Airways,2019-03-06,Banglore,New Delhi,05:45:00,13:15:00,450,1.0,No Info,19225
Jet Airways,2019-04-03,Mumbai,Hyderabad,07:05:00,08:30:00,85,0.0,No Info,8040
Jet Airways,2019-05-12,Banglore,Delhi,11:10:00,14:05:00,175,0.0,No Info,7229
Multiple Carriers,2019-06-09,Delhi,Cochin,08:00:00,19:00:00,660,1.0,No Info,12192
Jet Airways,2019-06-15,Delhi,Cochin,19:30:00,12:35:00,1025,2.0,In-flight meal not included,10368
Indigo,2019-03-24,Chennai,Kolkata,05:15:00,07:35:00,140,0.0,No Info,4326
Jet Airways,2019-03-24,Kolkata,Banglore,16:55:00,04:45:00,710,1.0,No Info,14231
Jet Airways,2019-04-27,Banglore,Delhi,15:15:00,18:10:00,175,0.0,No Info,7229
Air India,2019-06-06,Banglore,Delhi,10:00:00,12:45:00,165,0.0,No Info,6961
Indigo,2019-06-01,Banglore,Delhi,18:55:00,21:50:00,175,0.0,No Info,4823
Jet Airways,2019-03-27,Delhi,Cochin,20:50:00,04:25:00,455,1.0,No Info,12242
Air India,2019-05-06,Kolkata,Banglore,09:10:00,04:40:00,1170,2.0,No Info,6117
Air India,2019-06-21,Kolkata,Banglore,14:15:00,16:45:00,150,0.0,No Info,5510
Air Asia,2019-06-15,Delhi,Cochin,20:45:00,07:10:00,625,1.0,No Info,6253
Air India,2019-05-18,Delhi,Cochin,10:55:00,07:40:00,1245,2.0,No Info,13486
Air India,2019-04-01,Kolkata,Banglore,09:50:00,21:05:00,675,1.0,No Info,8030
Indigo,2019-03-27,Kolkata,Banglore,21:25:00,00:05:00,160,0.0,No Info,4148
Air Asia,2019-06-06,Banglore,Delhi,11:10:00,13:55:00,165,0.0,No Info,4483
Air India,2019-05-27,Delhi,Cochin,18:30:00,19:15:00,1485,2.0,No Info,12488
Air Asia,2019-05-06,Banglore,Delhi,11:10:00,13:55:00,165,0.0,No Info,3383
Jet Airways,2019-06-24,Delhi,Cochin,11:30:00,04:25:00,1015,1.0,In-flight meal not included,10262
Jet Airways,2019-05-24,Banglore,Delhi,08:20:00,11:20:00,180,0.0,No Info,7229
Jet Airways,2019-04-01,Kolkata,Banglore,20:00:00,22:35:00,1595,1.0,In-flight meal not included,7064
Jet Airways,2019-05-24,Kolkata,Banglore,10:20:00,17:35:00,435,1.0,In-flight meal not included,6287
Air India,2019-05-09,Delhi,Cochin,14:25:00,19:15:00,1730,2.0,No Info,13591
Multiple Carriers,2019-06-03,Delhi,Cochin,08:45:00,19:15:00,630,1.0,No Info,9001
Indigo,2019-03-03,Delhi,Cochin,10:45:00,01:35:00,890,1.0,No Info,14871
Air Asia,2019-03-09,Banglore,New Delhi,05:50:00,08:40:00,170,0.0,No Info,7652
Indigo,2019-03-01,Delhi,Cochin,04:55:00,21:20:00,985,2.0,No Info,10278
Indigo,2019-06-06,Kolkata,Banglore,06:20:00,10:20:00,240,1.0,No Info,4226
Jet Airways,2019-04-01,Kolkata,Banglore,09:35:00,21:05:00,690,1.0,In-flight meal not included,8066
Vistara,2019-06-24,Chennai,Kolkata,07:45:00,10:00:00,135,0.0,No Info,3687
Indigo,2019-06-03,Delhi,Cochin,21:50:00,03:35:00,345,1.0,No Info,7189
Jet Airways,2019-06-03,Delhi,Cochin,17:30:00,04:25:00,655,1.0,In-flight meal not included,10262
Indigo,2019-06-06,Chennai,Kolkata,05:15:00,07:40:00,145,0.0,No Info,3540
Indigo,2019-05-01,Banglore,Delhi,22:10:00,01:00:00,170,0.0,No Info,3943
Multiple Carriers,2019-04-09,Delhi,Cochin,06:00:00,13:20:00,440,1.0,No Info,8323
Indigo,2019-03-06,Mumbai,Hyderabad,21:20:00,22:45:00,85,0.0,No Info,4784
Indigo,2019-06-09,Mumbai,Hyderabad,19:05:00,20:35:00,90,0.0,No Info,2754
Vistara,2019-05-01,Kolkata,Banglore,07:10:00,22:40:00,930,1.0,No Info,8452
Jet Airways,2019-05-24,Kolkata,Banglore,18:55:00,10:05:00,910,1.0,No Info,13731
Air India,2019-03-18,Delhi,Cochin,05:10:00,08:00:00,170,0.0,No Info,5674
Spicejet,2019-06-06,Delhi,Cochin,08:45:00,13:15:00,270,1.0,No check-in baggage included,5158
Air India,2019-05-15,Delhi,Cochin,05:55:00,07:40:00,1545,2.0,No Info,11543
Air India,2019-06-01,Mumbai,Hyderabad,06:20:00,07:40:00,80,0.0,No Info,3100
Air Asia,2019-06-03,Delhi,Cochin,20:45:00,06:35:00,590,1.0,No Info,11410
Air India,2019-03-12,Mumbai,Hyderabad,01:35:00,14:50:00,795,2.0,No Info,9977
Air Asia,2019-04-12,Kolkata,Banglore,19:55:00,22:25:00,150,0.0,No Info,4409
Jet Airways,2019-06-01,Delhi,Cochin,19:15:00,19:00:00,1425,1.0,In-flight meal not included,10262
Jet Airways,2019-06-06,Delhi,Cochin,02:15:00,12:35:00,620,1.0,No Info,14714
Indigo,2019-03-18,Mumbai,Hyderabad,20:05:00,21:35:00,90,0.0,No Info,2227
Multiple Carriers,2019-06-01,Delhi,Cochin,17:00:00,01:30:00,510,1.0,No Info,7408
Indigo,2019-05-09,Delhi,Cochin,08:35:00,22:30:00,835,1.0,No Info,6734
Indigo,2019-03-09,Kolkata,Banglore,05:30:00,08:20:00,170,0.0,No Info,4148
Indigo,2019-06-15,Delhi,Cochin,02:00:00,07:25:00,325,1.0,No Info,5636
Indigo,2019-03-24,Mumbai,Hyderabad,19:05:00,20:30:00,85,0.0,No Info,2754
Air India,2019-06-01,Delhi,Cochin,10:55:00,19:15:00,500,2.0,No Info,13013
Jet Airways,2019-06-06,Delhi,Cochin,22:50:00,04:25:00,335,1.0,In-flight meal not included,10262
Goair,2019-05-03,Banglore,Delhi,07:45:00,10:40:00,175,0.0,No Info,3898
Indigo,2019-03-15,Mumbai,Hyderabad,12:00:00,13:25:00,85,0.0,No Info,3175
Air Asia,2019-05-24,Kolkata,Banglore,15:10:00,23:30:00,500,2.0,No Info,5192
Air India,2019-03-15,Banglore,New Delhi,22:00:00,23:20:00,1520,1.0,No Info,6850
Indigo,2019-06-21,Kolkata,Banglore,14:25:00,16:55:00,150,0.0,No Info,5224
Indigo,2019-05-06,Delhi,Cochin,18:35:00,01:30:00,415,1.0,No Info,7191
Jet Airways,2019-06-03,Banglore,Delhi,07:10:00,10:10:00,180,0.0,In-flight meal not included,5769
Air India,2019-06-24,Delhi,Cochin,17:15:00,07:40:00,865,2.0,No Info,11989
Jet Airways,2019-03-27,Delhi,Cochin,18:15:00,04:25:00,610,1.0,No Info,12242
Goair,2019-04-24,Delhi,Cochin,10:35:00,19:35:00,540,1.0,No Info,5430
Jet Airways,2019-04-01,Kolkata,Banglore,20:00:00,18:15:00,1335,1.0,No Info,12681
Jet Airways,2019-03-06,Banglore,New Delhi,11:40:00,10:25:00,1365,1.0,No Info,17261
Vistara,2019-05-12,Kolkata,Banglore,20:20:00,23:25:00,1625,1.0,No Info,8085
Indigo,2019-05-18,Kolkata,Banglore,04:40:00,07:15:00,155,0.0,No Info,4804
Air India,2019-04-12,Banglore,Delhi,10:00:00,12:45:00,165,0.0,No Info,5911
Multiple Carriers,2019-03-09,Delhi,Cochin,07:05:00,22:20:00,915,1.0,No Info,6916
Indigo,2019-06-06,Banglore,Delhi,04:00:00,06:50:00,170,0.0,No Info,3943
Air India,2019-03-24,Mumbai,Hyderabad,19:30:00,20:45:00,75,0.0,No Info,2575
Multiple Carriers,2019-06-24,Delhi,Cochin,07:00:00,21:00:00,840,1.0,No Info,7618
Jet Airways,2019-05-24,Kolkata,Banglore,06:30:00,12:00:00,330,1.0,No Info,14178
Vistara,2019-04-15,Delhi,Cochin,14:40:00,17:50:00,190,0.0,No Info,6216
Jet Airways,2019-06-06,Kolkata,Banglore,09:35:00,19:10:00,575,1.0,In-flight meal not included,13469
Multiple Carriers,2019-06-24,Delhi,Cochin,09:00:00,19:00:00,600,1.0,No Info,12927
Indigo,2019-06-12,Kolkata,Banglore,15:15:00,17:45:00,150,0.0,No Info,4804
Indigo,2019-05-18,Delhi,Cochin,20:25:00,01:30:00,305,1.0,No Info,6069
Jet Airways,2019-03-24,Kolkata,Banglore,06:30:00,23:25:00,1015,1.0,In-flight meal not included,8824
Jet Airways,2019-06-12,Delhi,Cochin,09:35:00,04:25:00,1130,2.0,No Info,13292
Indigo,2019-04-03,Delhi,Cochin,02:00:00,07:25:00,325,1.0,No Info,4744
Jet Airways,2019-05-03,Mumbai,Hyderabad,07:05:00,08:30:00,85,0.0,In-flight meal not included,4995
Air India,2019-03-21,Banglore,New Delhi,22:00:00,13:20:00,920,1.0,No Info,6955
Indigo,2019-03-01,Kolkata,Banglore,21:25:00,00:05:00,160,0.0,No Info,4778
Jet Airways,2019-06-12,Kolkata,Banglore,10:20:00,17:35:00,435,1.0,In-flight meal not included,5608
Multiple Carriers,2019-05-09,Delhi,Cochin,13:00:00,01:30:00,750,1.0,No Info,9424
Air Asia,2019-05-09,Kolkata,Banglore,06:50:00,10:30:00,220,1.0,No Info,5162
Jet Airways,2019-05-18,Delhi,Cochin,15:00:00,04:25:00,805,1.0,In-flight meal not included,12373
Air Asia,2019-06-09,Kolkata,Banglore,10:20:00,12:55:00,155,0.0,No Info,5645
Air India,2019-05-24,Kolkata,Banglore,05:50:00,12:30:00,1840,2.0,No Info,12723
Jet Airways,2019-05-15,Kolkata,Banglore,20:25:00,10:55:00,870,1.0,No Info,14151
Indigo,2019-04-24,Kolkata,Banglore,22:15:00,00:50:00,155,0.0,No Info,4804
Multiple Carriers,2019-03-03,Delhi,Cochin,17:30:00,01:35:00,485,1.0,No Info,17057
Spicejet,2019-06-06,Mumbai,Hyderabad,13:15:00,14:45:00,90,0.0,No Info,2017
Jet Airways,2019-05-21,Delhi,Cochin,19:45:00,19:00:00,1395,1.0,No Info,16079
Jet Airways,2019-06-09,Kolkata,Banglore,06:30:00,19:50:00,800,1.0,In-flight meal not included,10844
Multiple Carriers,2019-03-21,Delhi,Cochin,10:00:00,19:15:00,555,1.0,In-flight meal not included,8401
Air India,2019-05-18,Delhi,Cochin,13:15:00,09:25:00,1210,2.0,No Info,11307
Jet Airways,2019-06-09,Kolkata,Banglore,20:00:00,04:40:00,520,1.0,No Info,14178
Indigo,2019-05-09,Kolkata,Banglore,15:30:00,18:05:00,155,0.0,No Info,4804
Jet Airways,2019-03-27,Mumbai,Hyderabad,02:55:00,04:25:00,90,0.0,No Info,5678
Multiple Carriers,2019-06-01,Delhi,Cochin,08:30:00,19:00:00,630,1.0,No Info,11200
Indigo,2019-03-06,Delhi,Cochin,17:10:00,01:35:00,505,1.0,No Info,14871
Multiple Carriers,2019-06-06,Delhi,Cochin,15:15:00,01:30:00,615,1.0,No Info,6795
Multiple Carriers,2019-05-18,Delhi,Cochin,07:30:00,19:15:00,705,1.0,No Info,7564
Multiple Carriers,2019-05-06,Delhi,Cochin,10:20:00,19:00:00,520,1.0,No Info,9794
Jet Airways,2019-06-12,Kolkata,Banglore,14:05:00,19:50:00,345,1.0,In-flight meal not included,9899
Air India,2019-03-21,Delhi,Cochin,09:45:00,09:25:00,1420,2.0,No Info,8140
Jet Airways,2019-04-01,Banglore,Delhi,17:45:00,20:45:00,180,0.0,In-flight meal not included,4544
Goair,2019-06-12,Delhi,Cochin,14:25:00,19:35:00,310,1.0,No Info,7870
Air India,2019-04-21,Kolkata,Banglore,14:15:00,16:45:00,150,0.0,No Info,6245
Jet Airways,2019-05-15,Kolkata,Banglore,18:55:00,12:00:00,1025,1.0,In-flight meal not included,10844
Multiple Carriers,2019-06-24,Delhi,Cochin,04:55:00,19:15:00,860,1.0,No Info,7155
Air India,2019-06-24,Delhi,Cochin,18:05:00,21:10:00,185,0.0,No Info,5201
Air India,2019-05-01,Kolkata,Banglore,05:50:00,13:15:00,445,2.0,No Info,7662
Jet Airways,2019-06-27,Banglore,Delhi,11:10:00,14:05:00,175,0.0,No Info,8016
Indigo,2019-03-24,Kolkata,Banglore,15:10:00,19:50:00,280,1.0,No Info,7476
Spicejet,2019-03-24,Mumbai,Hyderabad,13:10:00,14:30:00,80,0.0,No Info,2753
Indigo,2019-05-15,Kolkata,Banglore,21:00:00,02:15:00,315,1.0,No Info,7228
Goair,2019-04-01,Kolkata,Banglore,16:40:00,00:15:00,455,1.0,No Info,5171
Air Asia,2019-03-27,Delhi,Cochin,07:55:00,15:45:00,470,1.0,No Info,6151
Jet Airways,2019-03-18,Banglore,New Delhi,08:00:00,07:40:00,1420,1.0,No Info,12284
Indigo,2019-05-21,Banglore,Delhi,10:10:00,13:00:00,170,0.0,No Info,3943
Multiple Carriers,2019-05-09,Delhi,Cochin,09:45:00,22:30:00,765,1.0,No Info,8888
Indigo,2019-06-01,Mumbai,Hyderabad,02:35:00,04:05:00,90,0.0,No Info,3175
Spicejet,2019-03-27,Delhi,Cochin,08:45:00,13:15:00,270,1.0,No Info,4466
Air India,2019-03-06,Mumbai,Hyderabad,06:00:00,09:10:00,1630,2.0,No Info,13169
Jet Airways,2019-05-09,Delhi,Cochin,19:30:00,04:25:00,535,2.0,In-flight meal not included,13029
Jet Airways,2019-03-09,Banglore,New Delhi,19:55:00,22:35:00,160,0.0,No Info,7229
Jet Airways,2019-03-06,Delhi,Cochin,18:15:00,04:25:00,610,1.0,No Info,17024
Jet Airways,2019-05-18,Delhi,Cochin,13:25:00,12:35:00,1390,2.0,No Info,15129
Indigo,2019-04-18,Banglore,Delhi,18:55:00,21:50:00,175,0.0,No Info,5780
Spicejet,2019-05-18,Mumbai,Hyderabad,13:15:00,14:45:00,90,0.0,No Info,2227
Jet Airways,2019-03-21,Banglore,New Delhi,05:45:00,15:15:00,570,1.0,In-flight meal not included,7832
Spicejet,2019-06-06,Mumbai,Hyderabad,13:15:00,14:45:00,90,0.0,No check-in baggage included,1965
Indigo,2019-05-18,Kolkata,Banglore,15:15:00,17:45:00,150,0.0,No Info,4804
Indigo,2019-04-12,Banglore,Delhi,13:00:00,15:50:00,170,0.0,No Info,4823
Indigo,2019-03-09,Banglore,New Delhi,23:30:00,02:20:00,170,0.0,No Info,4777
Air India,2019-03-24,Kolkata,Banglore,09:25:00,05:35:00,1210,2.0,No Info,13349
Indigo,2019-06-15,Banglore,Delhi,07:10:00,10:05:00,175,0.0,No Info,4823
Jet Airways,2019-05-01,Banglore,Delhi,07:10:00,10:10:00,180,0.0,In-flight meal not included,4030
Air India,2019-06-06,Delhi,Cochin,07:00:00,19:15:00,735,1.0,No Info,8669
Jet Airways,2019-06-03,Banglore,Delhi,06:00:00,08:45:00,165,0.0,In-flight meal not included,5769
Indigo,2019-05-21,Kolkata,Banglore,16:35:00,22:15:00,340,1.0,No Info,5268
Multiple Carriers,2019-06-12,Delhi,Cochin,08:00:00,19:00:00,660,1.0,No Info,12192
Multiple Carriers,2019-03-03,Delhi,Cochin,07:10:00,21:20:00,850,2.0,In-flight meal not included,8938
Indigo,2019-04-09,Banglore,Delhi,18:55:00,21:50:00,175,0.0,No Info,4823
Jet Airways,2019-06-12,Delhi,Cochin,19:15:00,12:35:00,1040,1.0,In-flight meal not included,10262
Vistara,2019-03-24,Kolkata,Banglore,20:20:00,22:55:00,1595,1.0,No Info,11682
Jet Airways,2019-05-21,Banglore,Delhi,06:00:00,08:45:00,165,0.0,No Info,7229
Air India,2019-05-15,Delhi,Cochin,22:00:00,19:15:00,1275,2.0,No Info,11281
